#	Map name	Author	Environment	Uploaded at	UID	MapType	Notes	YN Rating	YN Votes	5-Star Avg	5-Star Total
1	B i g  R o o m  b y  z i y x				o7dl56rYEVeuNyLkvJgjgkvRIIj			2.5/5	32	3.5/5	565
2	Best map ever made so far lulz  b y  z i y x				owfIKm3fjLoU7GL_cRqLsS9noD6			0.0/5	0	3.7/5	528
3	B r u i s e  b y  z i y x				lOOKK8MpDsxtwP9XFjMoV8PJjT4			0.0/5	0	3.8/5	313
4	F l a m e s  b y  z i y x				wf2K_PJdFPhp85FLnjR9yQw9LIb			3.4/5	100	3.6/5	353
5	T r a c k m a n i a k  b y  z i y x				qq43cbxMRnw_JsECcZrjCMOaDvj			3.4/5	162	3.7/5	601
6	Pursuit - Valley Arena				d5x0eY2pss9gdx7np7kvfuNeb91			0.0/5	0	4.0/5	89
7	Pursuit - Mode #02				PHkdgJiJ5Oku2EuLdF9nC3tRWs5			3.3/5	236	3.8/5	598
8	Pursuit - Holkham Bay				kHXOsZeVQXz7_W8Mvo1Sqao_Wwa			2.5/5	28	3.8/5	616
9	Pursuit - Gedney Shore				CUYNaLHRnJYqv8QqUCmpSnsyDJc			3.9/5	98	3.8/5	419
10	Pursuit - Scadroy Town				2D3zlVXrfDSjvAb1AKy5UyYefRg			3.8/5	1284	3.9/5	672
11	Pursuit - Rathorm Island				Z6F3511I2qOxYNFUaq66xxqYkHa			3.3/5	175	3.7/5	571
12	Pursuit  On The Move				mPkhzS8Q1ctcKX1owqWVsRLnn82			0.0/5	0	3.9/5	749
13	Pursuit - Goats Will Fly!				NPLxQYKZfoM8HGTAYqQOR__U0nm			3.4/5	1066	3.6/5	787
14	Pursuit - Arena!				DvhekJykZnsuIvxkvQacKUbh0ue			2.2/5	30	3.6/5	524
15	Pursuit - Dynamo				DiXCUUvMNIoDLPpqHaePyPnNAs7			4.0/5	107	3.8/5	515
16	Pursuit - Red Box 2				QtjBmldn9xj7cv4v4Djk4csmYP			0.0/5	0	3.7/5	875
17	Pursuit - Airport v2				PJ64VIvmKnxEw3XS7UjVGXb2B48			2.8/5	364	3.7/5	869
18	Pursuit - Canyon City				yZwZUSCMETzuVivHd2CrU999Bu6			3.1/5	330	3.7/5	601
19	Pursuit - The Crazy Rampage!				tOwAIhnVSTnhf30r9quADQV4lv9			0.0/5	0	4.1/5	78
20	Pursuit Fun 2,0				Ndb1KtLeK6CaIHEJaU4GRV_fwIk			0.0/5	0	3.9/5	81
21	Pursuit - N64 Skyscraper				sEyBQGVnJXL6iBFlTX0M0ejWpC2			0.0/5	0	3.7/5	110
22	Pursuit - Mosh Pit!				O8Ynl2cDelXnizAvxntqtyYQCyl			0.0/5	0	3.8/5	76
23	Pursuit - Phillarz 2				J6kNdSCzJnRM_yw04hiSku_cHT7			0.0/5	0	3.7/5	40
24	Pursuit - Tomogoci				D_Mi2ievZ1gUOesDeOJYRd4wgie			0.0/5	0	3.8/5	52
25	Goal Hunt - Rolling Out				ynC2nHFfvBj_APKAGNObnsqjU3			3.9/5	170	3.7/5	203
26	Pursuit  Rightside Down				nvTcGOMbAaQDd5oZbrAt6lHMX6l			2.9/5	28	3.5/5	57
27	[Lati Goal Hunt] Arena Alpha				ZEnvC9gioY_n_Zmz5qcyiWfeVC4			0.0/5	0	3.7/5	59
28	Pursuit - Cube				tA64HL_j06TfW5sjdPxlkJHd28b			0.0/5	0	3.7/5	63
29	Getting Over It  b y  z i y x				4PtKjXAVj5erxCVPqb4IWfr8qF5			0.0/5	0	3.5/5	65
30	Pursuit - Sunshine Labyrinth 2019				w49Qgx2Q8ksUvht2xJ_i35Hq42m			0.0/5	0	3.5/5	452
31	Hide&amp;Sick  b y  z i y x				ykQk7vBPl0KECiChlSbidCXjbL1			0.0/5	0	3.8/5	37
32	PURSUIT - Edge of the Past				_f6kQmjh8n_uJewsZ9_kmwaONC5			0.0/5	0	3.5/5	33
33	Pursuit - Passage				jHAZfH2sOaOJj9zUXHhlYjhQZM5			0.0/5	0	3.5/5	592
34	Pursuit - Air Show				dN9NV4eDc5plskyaFRyZ1ToV2hf			2.7/5	140	3.4/5	102
35	G a y R o u g h !  b y  z i y x				E10JMPesMXN0MjwuaOfb8Cv5pfc			2.4/5	88	3.7/5	56
36	Pursuit - Archipelago!				kIZ2cM5XO4orMkwWyIrIpbFnen0			0.0/5	0	3.6/5	582
37	P a r k i n  b y  z i y x				P3YTSRSKX23u48LNKRjwmNTiZ2b			3.3/5	518	3.8/5	148
38	Pursuit - Mele-Mele				ndX9Fj1Fuoknc3pSe51nLp2nb4h			3.4/5	110	3.8/5	501
39	Pursuit  Frantic Chaos				U7nlgpxeG99ImEL1FMFAp1vG2Gf			2.6/5	223	3.7/5	73
40	Pursuit - I Really Don&#039;t Know!				AK3xn2KUfHjTynpCYMD6pPf5ZO9			2.8/5	233	3.4/5	790
41	Pursuit - Cliff Hopper				Ks6SvJe3BW3SfloUHLi1rr_ZgO4			0.0/5	0	3.6/5	399
42	Pursuit - Skatepark Night				ikIuEnDFZwjxh0yttYoQjNJRax1			0.0/5	0	3.7/5	48
43	%*µ°}¤è-&lt;   b y  z i y x				7ZJOOEaoFXwEY2etclrHJwxxWFh			3.3/5	294	3.7/5	567
44	A r e n a  b y  z i y x				Ip0DwFUJigavez4mX5XEJicZEpe			0.0/5	0	3.8/5	62
45	Goal Hunt - Complex				eNJq1Gd3Hgbsy4dCKjjqJRy5A97			3.0/5	92	3.8/5	150
46	M a n i a p a r k  b y  z i y x				DceueoxHt6DaFx7h6GJs0LSFp92			2.1/5	40	3.5/5	552
47	Pursuit - Tower Escape 2!				8t95h6YT4i64uV_sqxwTryVXwJg			3.4/5	40	3.4/5	99
48	Pursuit - Tower Escape 1·6!				6NKTsLwtZVGjpaST0fHSxfIqFQa			3.3/5	815	3.6/5	678
49	Pursuit - Tower Escape 1·5!				ajiN4OoCyku4Ry3C_aR0iB1u5ni			3.5/5	796	3.8/5	53
50	Pursuit - Block Fort Canyon				L4kLXeLADGvoaSr6bz0mFCUb2nc			0.0/5	0	3.8/5	733
51	Goal Hunt - Pancake Muffins				pPUGeJufxt7e2zbRScCSBnf90zd			3.5/5	136	3.6/5	156
52	Pursuit - Sayonara Chloe				SrdRA6NLJqBJRpF5uXUqi0zlami			0.0/5	0	3.5/5	758
53	S p o t  b y  z i y x				41MtqAR3e6nU9uPbU3vwTIIe9p1			3.2/5	499	3.5/5	624
54	E x k a l i b u r  b y  z i y x				8r6Zlc6u7Y9TC12U3sXpMw5otxj			3.0/5	72	3.7/5	607
55	Pursuit - Dirty Arena v4				ilaI7HMwPjegbM7jymblCXKjfu9			0.0/5	0	3.9/5	23
56	Pursuit - Volley				J75EHoL_AWzz8kmj0GqlSlB77Oj			2.8/5	100	3.5/5	717
57	Pursuit - Off-Maze!				d9kFdk9GOfE6HqdQal0L_YeMnpb			3.0/5	765	3.2/5	641
58	Pursuit - Bugslide Heaven				OYWAo9qN396PJvS7Eguy6hVhuRa			2.8/5	150	3.4/5	732
59	Goal Hunt - Merwood Lagoon				ltBzlCugLrBZ02eKfWsvrmlVNY1			2.9/5	164	3.9/5	118
60	Pursuit - BlockFort				swCSsUGUPim7lTe1mynNOHTdKS1			3.7/5	63	4.1/5	76
61	Pursuit - Tom &amp; Jerry				vaHPWRzpJU0dr9qYkG0b1qBBB99			0.0/5	0	3.6/5	824
62	Pursuit - Bunker				8dagtKC6od4hD0iMJVB4J6stF86			0.0/5	0	3.7/5	35
63	Pursuit - Get Deaded!				FCg6nOD0IBgNaUnHzemjiW7PCPa			0.0/5	0	3.5/5	81
64	Pursuit - ѕyмeтrιcα				GaoOaPC662TAV3ZDtMrJFFie9af			0.0/5	0	3.6/5	21
65	Pursuit - Testing Arena				zhGRyVaRefOrhbfHU7BLrWVp3_l			0.0/5	0	3.8/5	60
66	Pursuit  Fustercluck				s9llTP3yap5XOeojxQaeRO8WB4			2.5/5	108	3.6/5	22
67	Pursuit - Basketball				HHszqQkm5wsqGIww7JCybGoD9Fd			3.4/5	504	3.6/5	64
68	Pursuit - Pursuit Party #02				D7N4tfcCKpaglnDsdPKahdPE_Ra			2.8/5	38	4.0/5	68
69	Pursuit - Very Small Arena				HItMOwq_6LIMRPhJVagRx1Q1sHf			2.2/5	62	3.5/5	893
70	Pursuit - Huge Arena				EOE2oYauh7gdLKhIu4sv0T2vEF4			3.1/5	225	3.3/5	81
71	Pursuit - Abandoned Playground				XdqRrIjHV4gDTSOhYNW5qgzDHlf			0.0/5	0	3.4/5	86
72	Pursuit - Crayzee Rampage				Dj06ETrCoeSx3gdbSWpNUkPhRe0			0.0/5	0	3.6/5	105
73	Pursuit - The Pit				eSZYU_ghH6w2T_hLtwDNPWDYLL5			0.0/5	0	3.6/5	31
74	B a t t l e g r o u n d  b y  z i y x				Dbgclq2Wrayqi0gnqXZV2xHaUq4			3.1/5	1167	3.7/5	506
75	Goal Hunt - Fortness Canyon				JqiRf3D7T8AvjUi92h0l3ZUrTs			0.0/5	0	3.8/5	120
76	Pursuit - Surrounded				z3hQYcJfbOm8IVYXeQWXYGGBO7j			0.0/5	0	4.2/5	42
77	Pursuit - Turn Around				V8oaUy9Vit8TUqi1fncJMHNv1ac			3.5/5	682	4.0/5	130
78	Pursuit - Who needs space anyway				t7U0ha1NOYMfM7PNkuEttUSyBie			0.0/5	0	3.7/5	32
79	Pursuit - BaseValley!				8h2q2UD7RFrzuWeT9RoJdu0u3ik			2.3/5	15	3.5/5	85
80	Pursuit - Chaos Oval!				WF3dPj81WGyASVy3A9kB1twBuf0			0.0/5	0	3.2/5	46
81	Pursuit - Pursuit Party #03				qmOWBBgmgJbOt4NK0fkhsR45oji			3.3/5	121	3.7/5	693
82	[Lati Goal Hunt] Lagoon City				vbimDYCwWO7bapdgAHkZJQqB0gg			0.0/5	0	3.5/5	634
83	Pursuit -  Tunnels areFun!				NOfajMueuhlqaGMZBUk_Trdni98			0.0/5	0	3.4/5	29
84	Pursuit - Ferizz Wheel (v1)				Qa273lZmWFaj1dayQF1U0s0kuA5			0.0/5	0	4.2/5	40
85	Pursuit - ckeyunk Mountain (V3)				boDlJcAVBL1IwDHoosHEq3NE0Ab			0.0/5	0	3.9/5	32
86	Pursuit - FourCrappyRoads				gSep7XW7Zw5P4BoiebD5t0B10Gb			0.0/5	0	3.4/5	34
87	Pursuit - Tanker v1				BZ0IqECzcfGkMbiyC3bcWBaz_Z7			0.0/5	0	3.3/5	21
88	Goal Hunt - *Insert Cool Name*!				oI11eYwLHJnCuFxLs2j7XNWYy5m			2.8/5	66	3.2/5	90
89	Pursuit - RageReef				ZL5g6IB6_gA5sGtFkdR0IxXHgUa			0.0/5	0	3.6/5	28
90	Pursuit? -  TotallyNormal ip				qnNtXaZ_lBGkqlq8P0fGE8SbsI7			0.0/5	0	3.7/5	35
91	Pursuit - Underwater Fuel Hunt Revised				iYrlTpCUEVlQLEzBvQ_gRsVbVJ0			0.0/5	0	3.5/5	27
92	Pursuit - Simple Fuel Hunt				I3wwm6Woy97CJOScWK8vG3jRoGc			0.0/5	0	3.9/5	27
93	Goal Hunt - Lagoon A08!				A7TstZsq_1tWYzol63C8YqGMf5b			0.0/5	0	3.4/5	49
94	Pursuit - WatchTheStep2				qGEN0_FtU43r70GN4PB_BDryp1h			0.0/5	0	3.7/5	36
95	Goal Hunt - Valley A08!				y4jXpEcqxwLX1hc7Z7dImz1mhEa			0.0/5	0	3.9/5	52
96	Goal Hunt - Canyon A08!				ZwFCeZ1nVNE5aRviAG2BV1F_GAm			0.0/5	0	3.6/5	62
97	Goal Hunt - Stadium A08!				FXANO9aDYQN3J636Kn35wdNrS4e			0.0/5	0	3.5/5	48
98	Pursuit - Gotta Catch &#039;Em ALL!				aSxchJbm6peSciOzZBPqgQBwusk			3.4/5	28	3.7/5	50
99	[Lati Goal Hunt] Tracked Out				Wd75RP7edOa6HuxAWVxiYQHpGz3			3.1/5	112	3.2/5	157
100	Pursuit - Open Air				eSiU9sBP23Y4Be2H1qPoBPppMAk			0.0/5	0	4.0/5	46
101	Castle Club				C5keqE1VRqaqbgfB4PtIaCQZJc2			0.0/5	0	3.8/5	51
102	Goal Hunt - Islands!				fy4cohzUMJfI8axqwpkJldAz7d9			0.0/5	0	3.5/5	48
103	Pursuit - SNES Battle Course 4 Revised				hHo3hi7C5eWTmekItwICpImJT6f			0.0/5	0	3.6/5	40
104	Pursuit - Priority Revised				ak7SevlfBWWaOTKV5_CYhb7QY_e			0.0/5	0	4.0/5	12
105	Pursuit - Police Chase Revised				LDyf8yJhz8HJq3B_ps0M1dRXzcf			0.0/5	0	4.0/5	12
106	Pursuit - Disco Revised				MEOq1gVjgGV2VxceUF1O8acMXub			0.0/5	0	3.5/5	34
107	Pursuit - #4 Revised				5vF28Z1zmNNT3XIz1KbQXTXsEa7			0.0/5	0	3.9/5	22
108	Pursuit - Arena! (by hubble) Revised				9C8TiB1kqsFRP2astnEZAIuhfPd			0.0/5	0	3.6/5	25
109	Pursuit - 4 Elements				jF54KjpJ5duxWnGjbjGNdLwjknd			0.0/5	0	3.7/5	48
110	Pursuit - Squares Revised				w8RLI9aelWP0ljskUbq8E7ktGZ6			0.0/5	0	3.7/5	33
111	Pursuit - Beer &amp; Dane by Hazard Revised				NBxzeB83RrnRpdLn20D5YSIuGB1			0.0/5	0	3.9/5	18
112	Pursuit - Train Wipeout				zetGSy_SNea1zuG_LFi3geXLsr9			0.0/5	0	3.3/5	67
113	[Pursuit][LOL][Big] UpsideDown Demo Revised				qUyIkD7QpihSK_CSs8EaLfxJ6w3			0.0/5	0	4.1/5	15
114	[Pursuit][LOL][Medium][2024]UpsideDown_Demo_revised_v2				2_bh3VQXKhTgxEmIs_EDCOv3c8g			0.0/5	0	2.5/5	18
115	Pursuit - Grandiosa				Dc6uEbFd3M6dlUL6Xw8WeOQHyff			0.0/5	0	3.4/5	33
116	Pursuit - Deep Dip Floor 0 and 1 but from Temu				JdYyzYYVPzknJbD9ZuxPhwDaIek			0.0/5	0	3.3/5	24
117	Pursuit - Mud Cake				uJKeNpfieeCdSWDu5LS7WkcjDNj			0.0/5	0	3.5/5	37
118	Goal Hunt - Underwater Park				RFJR7p2qJABgNZyeTREj1NfDPZ7			0.0/5	0	3.3/5	13
119	[Lati Goal Hunt] Fast Rotation				924DTjPG8t1nbbDuMKxGqSdRgB0			0.0/5	0	3.6/5	39
120	Goal Hunt - Puddingland				lG8Umw70a8twWeOvrizhTzo_aJ7			0.0/5	0	3.9/5	76
121	Goal Hunt Christmas #1 Candy Cane Hunt				MZDl05mhswd8uJrAaqTTh2bMTZg			0.0/5	0	3.6/5	21
122	Goal Hunt Christmas #2 Winter Basin				9iX2DjsMLXwaTSNuajkMtxZZyF7			0.0/5	0	3.6/5	24
123	[Pursuit] - First Contribution				c569tdJsd8NuVA0FzNQncfM4xNf			0.0/5	0	3.8/5	27
124	Goal Hunt Christmas #3 Stadium A08 but with more A08				pq4JadwDbsKeKCPsvLNaMHx7f0a			0.0/5	0	3.6/5	39
125	Goal Hunt Christmas #4 Who needs space anyway 2				nJyyxAwZ8yn0UK9SZofVAKpM7Aj			0.0/5	0	3.8/5	30
126	Goal Hunt Christmas #5 I heard you like wood				zxjxVNSkqIWbnykecBIoBKO44s7			0.0/5	0	3.3/5	23
127	Goal Hunt Christmas #6 Train Wipeout 2				pjI5bIv_AwgVAlCGaUhTiNJPVud			0.0/5	0	3.9/5	31
128	Goal Hunt Christmas #7 Snowy Offroad				2Rud58wLhMUqeaIQMfdH2MOlC6c			0.0/5	0	2.7/5	38
129	Pursuit - Lunar Landing				j7uLU45C1TQ1O0fpGrFGEPxze7a			0.0/5	0	4.3/5	32
130	Goal Hunt Christmas #8 Lunar Landing DX				MueOpY0PjYXJ79AoCXsHzQG5lKe			0.0/5	0	3.3/5	28
131	Goal Hunt Christmas #9 Simple Goal Hunt				vzocE7kMeQ0AKF1eBZUt8OLNG3f			0.0/5	0	4.0/5	24
132	Goal Hunt Christmas #10 Goal Hunt Bowl				WHm4vrOPrJyY9yVlOd9_5atQx82			0.0/5	0	3.8/5	31
133	Goal Hunt Christmas #11 Ferris Harbor				zhX6JxVZqSRPpKqdryUORlouBM0			0.0/5	0	4.2/5	20
134	Goal Hunt Christmas #12 Smol				5SodGFVmT3uJ04dvp4DzOWSKD05			0.0/5	0	4.0/5	33
135	Goal Hunt Christmas #13 Snow Fields				kEYxPyEaktZwaKVmx22vF7b59ac			0.0/5	0	3.7/5	33
136	Goal Hunt Christmas #14 Speedmapping this is				6Pw0SoS1jDKqTPTj7WlZQvANb2g			0.0/5	0	4.0/5	34
137	Goal Hunt Christmas #15 When the H				vQyYZ4FhboV5u_o2FJKnEUDYTH2			0.0/5	0	3.9/5	36
138	Goal Hunt Christmas #16 Night Rush				6BEsU8_Zf8emodVlY6L6DvLOBH5			0.0/5	0	4.0/5	24
139	Goal Hunt Christmas #17 Ice Trenches				8mK2IS_NdpfbBi8vnnX_xQRB2h3			0.0/5	0	3.7/5	32
140	Goal Hunt - 2I6C				eAqUluWdO53x2Lz5q1LE1fbp1n3			0.0/5	0	3.1/5	28
141	Pursuit - Living On The Edge!				e4L_gsHuWXrc0UqAlP01i56mvOc			0.0/5	0	3.7/5	22
142	Goal Hunt Christmas #19 Ice Cold Water				3OVOJyVcNx2LYezju0O8JGpITG5			0.0/5	0	3.7/5	21
143	Goal Hunt Christmas #20 &quot;Another dirt map?&quot; &quot;yes al&quot;				sIQHk_Zg30pJo3UXqIX1BS_0waa			0.0/5	0	4.3/5	20
144	Goal Hunt Christmas #21 It&#039;s a map				zfNXsMexjMu48Qo3ri8qza2zR_n			0.0/5	0	4.0/5	44
145	Goal Hunt Christmas #22 Deck the Halls				QLPlUIKV7lQ7NZ8nXcklI1Lj6F9			0.0/5	0	3.5/5	36
146	Goal Hunt Christmas #23 Who needs space anyway 3!				gOUHfNVXudhQfPfwAygQvEl4bui			0.0/5	0	3.5/5	24
147	Goal Hunt Christmas #24 + 25 Christmas Plaza				yWjIt03xFOQ2ZS49Fk5psughqB9			0.0/5	0	4.1/5	33
148	Goal Hunt - Lightshow				38wvynxgUhlRgh2aiF2HOqKxw_a			0.0/5	0	3.9/5	50
149	Goal Hunt - Ula Ula				H6kyeR1uiGFUbgePWp1xK3Om1Lj			0.0/5	0	3.9/5	33
150	Interstate Valley				T8MxHlIMkxRwFYm9eA0zjlptFtf			0.0/5	0	3.6/5	26
151	pursuit - a difficult map about climbing V2				0WC1RENo8qnrj7BE1Vw8Zm5OiFm			0.0/5	0	3.8/5	24
152	goal hunt-i dont know what to name this bnfvghvndxsc				vtsrtSFzqdJr8cVETNlfPIyvTR9			0.0/5	0	3.9/5	37
153	pursuit - 1 block				NGZyRTBMUHKkePXJ4oEzLgi_vH2			0.0/5	0	3.3/5	40
154	Goal Hunt - Dirty Adventure				EKXOKCDqqe5aIlF7wCcORErwWp			0.0/5	0	3.8/5	43
155	Goal Hunt - Space Claw				4AUlnsqhuuPVIgPPf51Xt83xZD0			0.0/5	0	4.2/5	25
156	Goal Hunt - HIGH (no not like that)				0abcU7gkG2kxklRSpjg9NOY6k6d			0.0/5	0	3.3/5	24
157	Pursuit - what is my purpose on the planet?				YdyS2JVylhcn8S2VcsU5f8e6Hz1			0.0/5	0	3.9/5	20
158	42K ants [WR]				vCqoFAEA_5HtD4dV2i_Yep7KSz7			0.0/5	0	4.3/5	26
159	Pursuit  - Memory of Molki&#039;s Dream				b2auhSU4iUXGxLxijtfz1r8zXee			0.0/5	0	3.9/5	27
160	Pursuit - Journey to Arnhemland				fWEZIViAgaRfqUlruvS4q2ZtyAb			0.0/5	0	3.7/5	23
161	KEKL - GoalHunt but it&#039;s finishes and you finish the map instead of getting points but it&#039;s actually GoalHunt now				Pmbh4NLUWQzJk2pwxj6kIBEHzT			0.0/5	0	3.2/5	31
162	Goal Hunt - Slug Hunt				DbAmvEYgq2Zs6G4VcmYRcJR3Yod			0.0/5	0	3.6/5	27
163	Pursuit - Manifest Destiny				IAx5XHPuvJGpETPnWtnMxT_S14h			0.0/5	0	3.5/5	18
164	Pursuit - Rocket Mania				PxrhjfURIqIr2rsCu8n1ZZHrEaj			0.0/5	0	4.2/5	35
165	Pursuit - When The Elevator Stops Working Revised! V2				Vy9tufPZV7exCND5mAPJLUhHF78			0.0/5	0	3.8/5	36
166	Goal Hunt TMNF E03				1J1_SFuNLNXsZozZvs6IsZxjHLa			0.0/5	0	3.7/5	51
167	Pursuit - BaseLagoon!				oWry1EETuN8WOWrIgY6sreAaIA			2.1/5	21	3.6/5	34
168	Pursuit - Toyland				YjrPVTU08xNKBMcBhLlktUSClr4			0.0/5	0	3.8/5	43
169	Liminal Maze Tower				xmPnj0qC1jmfw6x4X53VjWNXfpj			0.0/5	0	3.9/5	30
170	Pursuit - Balloonia				QL9dwAlhjV1pwqnmzcLGVfdSmjm			0.0/5	0	3.8/5	25
171	Pursuit - Virtual Insanity				kV0YYCwBXkM13KU_1_Se2VCVpma			0.0/5	0	3.9/5	13
172	Pursuit - Didjerama				nk3FzWYbDSwJtnRnJ2tZOOngo6b			0.0/5	0	3.2/5	15
173	Goal Hunt - Use the Force				naaeMXUARQETV1sfMzL2FyWWw6b			0.0/5	0	3.4/5	30
174	Pursuit - BaseCanyon!				jb1AxqUbgxAXkzbilSnVPzOakU0			0.0/5	0	3.5/5	58
175	Pursuit - islands				4DuFx8VHnSaiudOfDX6RwHoReX9			0.0/5	0	3.3/5	28
176	Pursuit - Blind				aTtpWQLse56OmTsVsBfUSwYK3ol			0.0/5	0	3.0/5	22
177	Goal Hunt - Bullet				Nc5ogy_R_m76gIkGZFLqB5ApuFi			0.0/5	0	2.0/5	11
178	Pursuit - Blow Your Mind				jmJtJfJzqMR0VfEJW3guJXl2Yec			0.0/5	0	3.5/5	22
179	Pursuit - Roberto				6RPGZNE55_Hg0KMy7pyJ3iMb7Yk			0.0/5	0	3.8/5	16
180	Pursuit - Morning Glory				HViaKhTXNjt9NugjiBa2ltKrbW2			0.0/5	0	3.8/5	12
181	Pursuit - Kakjallamonumentano Mountain				nAJAbntpi_4EkizLNi7howlLzo9			0.0/5	0	3.3/5	31
182	Pursuit - Riolu Colloseum				zIf8Dke5IGF78c3lQbbssgF93qf			0.0/5	0	3.3/5	21
183	GH - SuperBowl				7x13aRTGBmv0oxceeTHDee7SiId			2.4/5	184	3.5/5	198
184	Pursuit - bowl				U_y9lP7XvPxwEhUSOvDSsMJ51Pj			0.0/5	0	3.3/5	26
185	[Lati Goal Hunt] Surfing Stadium				Kp6mEk4u3IV3RyWaHXY9V3Xz_cc			0.0/5	0	3.4/5	49
186	Pursuit - this map exists because im bored V2				Z0b8MaNyoYynDVx45ROI_BeREaf			0.0/5	0	4.2/5	25
187	[GoalHunt] - Second Contribuiton				N56JFDomW7SgjStH3W4MOmJNY93			0.0/5	0	3.8/5	29
188	MESA PROSPEKT				ATMZzNLpglWrqTVmL0areccHVp3			0.0/5	0	3.3/5	18
189	Goal Hunt - Bolognaland				8cPdCKF3tqehj2D_2uZzuJSUChd			0.0/5	0	4.0/5	29
190	Pursuit - Bugslide Hell				L10av8HNvUwQK6dOO_1kb__YLhc			0.0/5	0	3.8/5	21
191	Pursuit - Thunderbowl				QR9lgsB0v0zdcUhpvrCD3OONGRm			0.0/5	0	4.2/5	20
192	Pursuit-you like empty maps like turn around so here you go!				uDe9rtl4dS_ngmbn7NUv68JAVQ9			0.0/5	0	3.9/5	28
193	Pursuit - Interstate Valley 2  -  City Chase				05xfUXiASci979Soiq88mJepJv4			0.0/5	0	3.9/5	20
194	Pursuit - Interstate Valley 2  -  Trap Trenches				egbMAGbvBgQn0KLVn8Dqj_F_ad4			0.0/5	0	3.7/5	7
195	Pursuit - Interstate Valley 2  - Open Outskirts				yK7bQf4SiHsHoxPUr0vG3sf_c7h			0.0/5	0	3.5/5	15
196	Pursuit - Interstate Valley 2  - Magnet Madness				Lcx2FQC6VY_FwxMx7f28j17fXJ5			0.0/5	0	2.9/5	18
197	[Pursuit] - Third Contribution				pdHcfgrPuzYKYG84amT6KREpj97			0.0/5	0	3.6/5	14
198	Pursuit - MapObjetive´s Party				mp_fQSprsxxVxokVdNApaY5l9Gi			0.0/5	0	3.1/5	14
199	Pursuit - The Not So Crazy Rampage!				glQAV8RtdlimHXIfx_WKppDKRu0			0.0/5	0	3.9/5	580
200	Pursuit - Community Map #01				r5HKjyhE4rm1VIrtwsXP0umxyKa			2.6/5	53	3.8/5	9
201	Pursuit !!! - FIND YOUR TARGET				VqKYM3aTsgqm1F1hBj2MqZL2x2n			0.0/5	0	4.0/5	36
202	Goal Hunt - A05 !				BSW45khBDPApIybih1uQygk0M5h			0.0/5	0	4.1/5	26
203	Pursuit - actual one block map				MENRbMmgAMZghsbeb1vsj7CilZ5			0.0/5	0	2.6/5	18
204	Pursuit - Power Slider				KzlhEADO_aFN4fBKjqJZPeAMwjj			0.0/5	0	3.6/5	518
205	Pursuit - The Sun				Azb9sYN4ihp_wzxg_F3f4Kq2t8j			0.0/5	0	4.4/5	16
206	F l a r i s  b y  K i K i 1 1 3				SVkh_6JNgEANoEymZJdMrxe13zg			0.0/5	0	3.7/5	20
207	Z e n i t h  b y  K i K i 1 1 3				cApDdXnHY9WRtSXe5fH8C3vtR37			0.0/5	0	3.8/5	15
208	P l u s  b y  K i K i 1 1 3				FN1R_33tBlvQw3DjYHa_gFc2y4f			0.0/5	0	4.3/5	25
209	L o b o  b y  K i K i 1 1 3				Vyv2ouggAC7P0WuWtONbBo5S_Ol			0.0/5	0	4.4/5	13
210	L o k o m o  b y  K i K i 1 1 3				J_ujENLwNFnghfHxHuV9lRExp1n			0.0/5	0	4.0/5	21
211	P a c m a n &#039; s  P a r k  b y  K i K i 1 1 3				_8a3sQFrZNbS4A8bKejRHiwqor3			0.0/5	0	4.0/5	23
212	GHC2! #1 Freezing Canyon				LrZjErzClJQITQoeFxbQBVI0aa8			0.0/5	0	4.1/5	10
213	GHC2! #2 Icy Park				VOmaIEBfk6ELYUZvgcOxrud0mWf			0.0/5	0	3.2/5	16
214	GHC2! #3 Bugslide Ice				EVDnPdRQP6j19NWSv_fHFQedCe0			0.0/5	0	3.3/5	30
215	GHC2! #4 I heard you like wood + freewheel				ELepl7QY_3X0aGZ0EDijVIbBlc3			0.0/5	0	3.5/5	8
216	GHC2! #5 Valley A08 but with more A08				tMcIZUX6xSc5MAxaIzWmS_bsCc9			0.0/5	0	4.1/5	9
217	GHC2! #6 Jolly Ravine				KQpREicgsqwxx3P6GcCJl1MTbJj			0.0/5	0	4.5/5	10
218	GHC2! #7 Snowy Paradise				u3Ac0gI3XM_Iu5qKmmMkMuR31Tb			0.0/5	0	3.5/5	13
219	GHC2! #8 Negative Degrees				ga5e9iGUwjIbUEM6vdDNL70cnNh			0.0/5	0	3.8/5	13
220	GHC2! #9 Going Up and Down!				zmd8KewHTCbAH8UDT55JeDyspd3			0.0/5	0	3.3/5	8
221	GHC2! #10 Glacial Plains				xtbaAU4YFq6obybySFCmTsl8J_b			0.0/5	0	3.8/5	14
222	GHC2! #11 Cold Heights				WpLujS9GJcfajH916tKF67ow77k			0.0/5	0	4.5/5	20
223	GHC2! #12 Chilly Sunset				DfJrRNWZCG9UEKrdVWBl42SfjBf			0.0/5	0	3.7/5	19
224	GHC2! #13 when did J				h6kd081bYtAab_QElzy6fV6fMDb			0.0/5	0	3.3/5	15
225	GHC2! #14 Unpredictable Slides				PZTTXM4M_b7AECwnHus6GMbQY0h			0.0/5	0	3.7/5	21
226	GHC2! #15 Wallriding				3juzuVbKXlMDhJjkrbOCDTKz7Ki			0.0/5	0	2.9/5	15
227	GHC2! #16 Who needs space anyway 4!!!				wn10bvhXffy3PmOjSfI1kkJvL93			0.0/5	0	3.4/5	8
228	GHC2! #17 Simple Goal Hunt 2!				Cx8s5uEbCEjzBlkYLz0aOJfZoz3			0.0/5	0	4.4/5	9
229	GHC2! #18 Goal Hunt Bowl 2!				da8LooPaWspSPSVvL6onzA_cAme			0.0/5	0	4.0/5	14
230	GHC2! #19 Bowl Hopping				8SElzvb0sNlE3R6zLVBjjJsHjAf			0.0/5	0	3.8/5	12
231	GHC2! #20 Magnet Chaos				fQCg2UAiFMm1r9FhhkwDas_ygs4			0.0/5	0	4.1/5	11
232	GHC2! #21 Winter Wonderland				8gMdIVP0OJl9UvbADYFEQ7tL1we			0.0/5	0	4.1/5	13
233	GHC2! #22 Snowy Castle				3kq7b2PWJiotnAKwyKDKabNbOLg			0.0/5	0	4.1/5	9
234	GHC2! #23 Shiver Bay				cZw7rokIRiEuKRTytyRLR4aPWn9			0.0/5	0	3.5/5	8
235	GHC2! #24 Christmas Square				s3oZLUyEdXk35eEB0MZ6m2H31j2			0.0/5	0	4.0/5	7
236	GoalHunt - AlienSignal				CY_2q_cDXvPKO07ICNaQOphLjY0			0.0/5	0	3.3/5	7
237	The future is REALLY bright				0lzsElcgT1KkMRi7AA9JhOxb2Tb			0.0/5	0	3.2/5	9
238	PURSUIT - Salon				ttj0Bw_ACkSta4uqfxj80_8iSh4			0.0/5	0	3.7/5	17
239	pursuit - my first map				eVSO1sFc2sYip8vlEv4OQ_pgqOe			0.0/5	0	3.6/5	9
240	Pursuit - three islands				O6dyHlHftJTD5Y0Kj2rlcr7FsN1			0.0/5	0	3.4/5	5
241	Pursuit - Big Village				b0838y0TaQdkxQCZEG1ZwLVK0q2			0.0/5	0	4.1/5	7
242	Pursuit - snail race				4VL0mPspn7oAkNaIPkTSds2KA40			0.0/5	0	4.6/5	7
243	Goal Hunt - map name				Vo4FS0SqRkxTjtw3TKQ8wzON0O5			0.0/5	0	4.1/5	7
244	Pursuit - IslandCar Vs BayCar				sQkgqquk_sNj73lS2me91lrVZNi			0.0/5	0	4.4/5	8
245	Pursuit - wanted to make a -1 star map, deal with it				T45ZfL8kMr390_VlsTUKI5RZ8F0			0.0/5	0	3.3/5	6
246	PRIL FOOLS #1				_wU_BDYSLIXkV_SdQFOeVuf_hA9			0.0/5	0	4.2/5	14
247	Pursuit - 6^3				f_jrojLYyvhRFq6i1NYUAq6aZZ8			0.0/5	0	4.0/5	4
248	Pursuit - The Mall &#039;&#039;&#039;&#039;				9zMow0b58EphH0h5ek_Aapvmjzc			0.0/5	0	5.0/5	3
249	Pursuit - Community Map #04				TISJLeThBMr8PQ1rNSDxktLk6Zi			2.7/5	489	3.3/5	548
